password,email
Marvin,Nella@tomasa.us
Blick,Edgardo@liana.name
Jacobson,Ruthe.Ziemann@burley.me
Ratke,Rosina_Bogan@sharon.biz
Christiansen,Stella_Abshire@reyna.biz
Quitzon,Lew_Robel@amari.me
Labadie,Abdiel_Cormier@angie.com
Schinner,Ed.Rosenbaum@libby.co.uk
Bogisich,Blair@jewel.ca
Wilderman,Bridie.Bradtke@cora.com
Leannon,Geovanny.Schoen@marietta.biz
Hilll,Roxanne@emmie.name
Kozey,Hector@thaddeus.info
Quigley,Abraham.West@winston.me
Larkin,Kenna.Ernser@braeden.biz
Schaefer,Dell@laurianne.ca
Cormier,Adele.Ledner@roberto.net
Cruickshank,Caleb@carlie.org
Stanton,Tavares_Towne@astrid.name
Koelpin,Barbara@antone.net
Heller,Marlee.Nitzsche@savannah.info
Doyle,Brandt_Orn@gussie.me
Okuneva,Ethyl@guy.net
Pollich,Sean.Simonis@keegan.net
Conn,Trenton.Anderson@adolfo.net
Pollich,Carmen_Kuvalis@jacinthe.biz
Skiles,Jovani_Watsica@lelah.biz
Green,Jamey@humberto.me
Leuschke,Carmine@skylar.name
Kunze,Lorenz@forrest.me
Spencer,Davonte@trey.com
DuBuque,Sadye_Abshire@kaley.ca
Jenkins,Abdiel@claudine.com
Weimann,Rosario@rosalyn.com
Ullrich,Erik@claud.me
Spinka,Oscar@maritza.co.uk
VonRueden,Charlie@demarcus.net
Thiel,Kirk@rachelle.info
Smith,Rowland.Effertz@maximilian.biz
Daniel,Manley@earl.biz
McDermott,Eulalia.Cremin@khalid.org
Bauch,Katelynn.Satterfield@katrine.us
Mraz,Martina.Rogahn@violette.io
Gibson,Chance.McGlynn@will.io
Johnston,Sarai@jay.name
Rempel,Lera.Schneider@perry.com
O'Hara,Shaylee@nels.com
Davis,Jalon@elton.ca
Block,Fernando@dena.ca
Turner,Jabari_Hudson@lillian.me
Lang,Pablo@blair.us
Champlin,Murray@ezra.tv
Denesik,Providenci@dana.org
Murazik,Zaria@general.com
DuBuque,Ned.Braun@charlotte.ca
Kassulke,Walker_OConnell@lue.us
Stark,Abdul_Jacobs@elena.com
Hilpert,Richmond.Cummerata@ashley.name
Haag,Aaliyah@madelyn.net
Emmerich,Christelle.OConner@lacey.org
Runolfsson,Zoe_Ritchie@casimer.com
Littel,Roger.Carter@marjolaine.ca
Schoen,Reyes@garrison.info
DuBuque,Rahsaan_Metz@delores.ca
Stracke,Flossie@gus.io
Bernhard,Scot@nathaniel.info
Schmitt,Sadie@devan.org
Koepp,Mavis_Fritsch@sasha.co.uk
Funk,Malika_Cummerata@dameon.biz
Farrell,Sheridan.Larkin@albina.biz
McClure,Daphne.Hodkiewicz@gaston.net
Blick,Tyrel@johnnie.co.uk
Lebsack,Jaydon.Bartoletti@juston.ca
Weber,Tobin@van.tv
Quitzon,Brandt@shemar.co.uk
Beatty,Kamille@alia.com
Pollich,Arvilla_Parker@krista.io
Trantow,Clare_Haley@rosalinda.me
Grady,Heaven@elissa.com
Sanford,Jazlyn_Denesik@shana.org
Kirlin,Crystal@augustine.io
Spencer,Brannon@evalyn.us
Mayert,Marcella@kelsi.ca
Thiel,Jasen@marjory.me
Ruecker,Alaina_Swaniawski@leslie.tv
Rohan,Danny.Nolan@karelle.biz
Dietrich,Aidan@marianna.biz
Morar,Kattie.Kuhic@jessyca.tv
Becker,Ramona@jules.us
Bogan,Carmine@madeline.us
McCullough,Dillan.Murazik@jermey.io
Moen,Martin_Crooks@solon.name
Kshlerin,Abigayle.Collier@lester.tv
Hayes,Ignacio_Fadel@anderson.info
Green,Lesly@dakota.com
Borer,Wilmer_Balistreri@cassidy.info
Wisozk,Darrell@karlie.us
Kerluke,Cleveland@lilyan.biz
Raynor,Maia@gerhard.com
Becker,Bonita.Kulas@ariel.net
Boyle,Linwood@roscoe.tv
Windler,Daryl.Paucek@curtis.info
Quigley,Name.Ondricka@lamont.com
Keeling,Reina_Spinka@heber.us
Murazik,Addie@darrel.com
Treutel,Clyde@jaiden.tv
Quitzon,Rebekah_Waelchi@shyann.me
McClure,Sonny@pedro.biz
McKenzie,Valentine.Vandervort@hayden.info
Raynor,Mohammad@octavia.co.uk
Paucek,Jailyn@loy.me
Wuckert,Akeem_Gerhold@margaret.io
Boyle,Dameon_Jacobi@jalyn.biz
Kuvalis,Heidi_Huel@rosie.me
Cartwright,Samanta.Fahey@kirstin.info
Dibbert,Pat@maye.com
Thompson,Reagan@trent.ca
McGlynn,Eli_Leffler@eulalia.ca
Collier,Dahlia@stella.net
Grimes,Nathan@madalyn.com
Schaden,Chet_Spinka@claudia.com
Grimes,Melisa.Runolfsdottir@tyra.name
Schmidt,Jensen@terence.tv
Spinka,Yolanda@gunner.net
Breitenberg,Carter_Moore@destiny.tv
Kris,Jameson.Stehr@georgette.net
Crist,Jaiden.Lebsack@grayce.info
Kub,Johnson_Bosco@juliet.co.uk
Rempel,Johann_Turcotte@madilyn.com
Greenholt,Benedict.Herzog@ernestine.biz
Zulauf,Claudia@brenden.biz
McCullough,Lyla_Schulist@lucy.tv
Kreiger,Claudie_Harber@catherine.net
Ankunding,Isabell@marjolaine.name
Kulas,Newell_Wintheiser@rosario.ca
Kihn,Mitchell.Zulauf@erwin.io
Jones,Fanny@lauriane.ca
Nolan,Gilbert@rebecca.me
Walsh,Adan_Dooley@gwen.biz
Glover,Urban.OHara@amalia.ca
Corwin,Roderick@bethel.org
Hudson,Florine_Ernser@arnaldo.biz
Konopelski,Karina_Wunsch@elfrieda.org
Emmerich,Domenico_Trantow@wade.me
Bednar,Saul.Haag@maya.biz
Murphy,Serena.Boehm@ciara.ca
Glover,Porter.McGlynn@gideon.ca
Lakin,Laverne_Barton@shannon.biz
Ruecker,Duane@letitia.ca
Schulist,Sandy@sarah.org
Hamill,Yazmin_Lakin@jordon.com
Heller,Roel@casimir.ca
Schultz,Olen@alf.tv
Deckow,Brandi.Roob@ken.ca
Towne,Enos@deanna.org
Christiansen,Amy@ola.info
Smith,Violet@otho.net
Grady,Reagan.Dach@helga.me
Pollich,Clifton_Ullrich@janelle.ca
Senger,Isadore.Upton@caitlyn.biz
Pacocha,Reggie.Becker@lyla.info
Cole,Cayla_Dickens@antwon.name
DuBuque,Brady.Pfannerstill@karolann.us
Padberg,Ramona@davon.name
Reichel,Jerald@kattie.co.uk
Lind,Chadd@verna.info
Lowe,Chauncey@josephine.biz
Bergstrom,Cristobal@laney.biz
Pouros,Koby.Crona@forrest.me
Okuneva,Pasquale.Emard@arvilla.co.uk
Zieme,Nikolas@alanna.biz
Altenwerth,Leonel@chadd.co.uk
Langworth,Rey.Lind@ronny.net
Halvorson,Pansy@citlalli.us
Klein,Guillermo@scottie.ca
Collier,Asha.Gleichner@margarete.org
Swift,Trystan@cameron.biz
Smith,Vena_Anderson@rusty.net
Hintz,Kristoffer@madonna.me
Mosciski,Eldred@saige.name
Krajcik,Martine.Homenick@jaime.net
Kovacek,Kenton@rhea.com
Schamberger,Arvid.Parker@priscilla.co.uk
Kuhic,Trycia@marshall.co.uk
Carter,Chadd@gene.info
Considine,Danyka_Kshlerin@adriana.org
Hoeger,Kiarra_Klocko@brandt.io
Schulist,Christ@daisha.co.uk
Pouros,Hilbert@alphonso.org
Kemmer,Frieda_Johnson@queenie.net
Collier,Myles@kory.biz
Sporer,Kennedy@orland.ca
Kozey,Sydnee@antonina.com
Littel,Sydnie@antonietta.info
Veum,Jayson.Pouros@rosalee.net
Schultz,Margarete@viviane.info
Luettgen,Eloy.Hermann@santiago.net
Stokes,Waylon.Jakubowski@vanessa.io
McClure,Zola@alejandrin.tv
Rice,Darrell@rusty.biz
